Author,Date,Region,Sentence,Translated
Brunetto Latini,1260-61,fior.,"quella guerra ben fatta l' opera perché etc. Et dall' altra parte Aiaces era uno cavaliere franco e prode all' arme, di gran guisa, ma non era pieno di grande senno","Quella guerra fu condotta bene perché eccetera. E d'altra parte, Aiace era un cavaliere coraggioso e valoroso in battaglia, di grande statura, ma non era dotato di grande saggezza."
Bono Giamboni,1292,fior.,"crudele, e di tutte le colpe pigli vendetta, come dice la legge, ed a neuno cavaliere perdoni che pecchi.","Sii crudele e vendica tutte le colpe secondo quanto prescrive la legge, senza perdonare alcun cavaliere che commetta un errore."
Valerio Massimo (red. V1,1336,fior.,"Non d' altra forza d' animo fue ornato Ponzio Aufidiano, romano cavaliere.","Non fu dotato di altra forza d'animo Ponzio Aufidiano, cavaliere romano."
Lucano volg. (ed. Marinoni),1330/40,prat.,"Se questo piace a tutti e se 'l tempo hae bisogno d'avere Pompeio per cavaliere e non per compagno, non riterrò più i fati.","""Se questo piace a tutti e se il tempo ha bisogno di avere Pompeo come cavaliere e non come compagno, non mi opporrò più al destino."""
Brunetto Latini,1260-61,fior.,"Officio di questa arte pare che sia dicere appostatamente per fare credere, fine è far credere per lo dire.","L'obiettivo di questa arte sembra essere quello di dire intenzionalmente per far credere, con il fine ultimo di far credere attraverso le parole."
Simintendi,1333,tosc.,Ecco e larghi ventipiovoli caggiono delle risolute nebbie; e potresti credere che tutto il cielo cadesse nel mare,"Ecco, i larghi venti carichi di pioggia fanno cadere le nebbie ormai sciolte; e potresti credere che tutto il cielo precipitasse nel mare."
Agostino da Scarperia (?),1390,tosc.,"Però che or chi spererebbe quello che eziandio questi che non vogliono ancora credere in Cristo, già veggiono con noi, e perché nol possono negare, stridono colli denti.","Poiché ora chi potrebbe sperare che anche coloro che non vogliono ancora credere in Cristo, già vedono con noi, e poiché non possono negarlo, digrignano i denti."
Bono Giamboni,1292,fior.,I vendimenti de' morti et le presure de' vivi fece la frode d'uno feroce re.,Le vendite dei morti e le pressioni sui vivi furono causate dalla frode di un re feroce.
Bart. da San Concordio,1313,tosc.,"Acciocché quegli, il quale ora per le sue gran reità è feroce e onorevole, egli d'ogni male afflitto e tormentato della impietà verso il mio padre.","Affinché colui, che ora a causa delle sue grandi colpe è feroce e onorato, sia invece afflitto e tormentato da ogni male a causa della sua empietà nei confronti di mio padre."
Brunetto Latini,1260-61,fior.,Gli uomini spessamente a stare fermi nella bugia incontra la verità.,"Gli uomini spesso, restando fermi nella menzogna, incontrano la verità."
Filippo da Santa Croce,1323,tosc.,"Marco Cornelio ch'era de' dieci compagni, studiosamente  si riservò di parlare all'ultimo.","Marco Cornelio, che faceva parte dei dieci compagni, si riservò di parlare per ultimo con grande attenzione."
Cavalca,1330,tosc.,cose ch'io sapeva che erano fatte in Italia.,cose che sapevo essere fatte in Italia
Valerio Massimo (red. V1,1336,fior.,Corbio nipote d' Ortensio menò sua vita più bassa e più viziosa,"Corbio, nipote di Ortensio, condusse una vita più umile e più depravata."
Brunetto Latini,1260-61,fior.,"Altressì uno amante chiamando merzé alla sua donna dice parole e ragioni molte, et ella si difende in suo dire.","Inoltre, un amante che chiede pietà alla sua donna pronuncia molte parole e argomenti, e lei si difende con le sue parole."
Arte Am. Ovid. (B),1310/13,fior.,"Io mi ricordo (ch. 347) che essendo adirato scapigliai la mia donna. Ohi, quanti dì questa ira mi tolse!","Mi ricordo (capitolo 347) che, essendo arrabbiato, maltrattai mia moglie. Oh, quanti giorni quella rabbia mi fece perdere!"
Rim. Am. Ovid. (B),1310/13,fior.,colui del quale tu tti solevi dolere ch' era amante della tua donna;,"""colui di cui tu eri solito lamentarti perché era innamorato della tua donna"""
Fatti de' Romani (H+R),1313,fior.,"Ma no sapeano già le nomora di coloro dela congiurazione, ché la donna no nominava già li nomi.","Ma non sapevano già i nomi di coloro della congiura, perché la donna non nominava già i nomi."
Ceffi,1325,fior.,"Creti?  Certo quand'elli si mosse, elli ti dixe: ""O fedele mia donna, fa' che in mio luogo ti sia racomandato il nostro hoste troiano"".","""Cretino? Certo, quando lui si mosse, lui ti disse: ""O mia fedele donna, fa' che al mio posto tu raccomandi il nostro ospite troiano""."""
Valerio Massimo (red. V1,1336,fior.,"A Milano fue ripressa la malvagità d' una donna in simile bugìa, nel tempo medesimo di questo signore della republica, in questo modo: ","A Milano fu ripresa la malvagità di una donna con una bugia simile, nello stesso periodo di questo signore della repubblica, in questo modo:"
Filippo da Santa Croce,1323,tosc.,"E lamentavansi dell'iniquità d'Appio, e ripiagnevano la malavventurata beltà della pulcella e la necessità del padre.",Si lamentavano dell'ingiustizia di Appio e piangevano la sfortunata bellezza della ragazza e la necessità del padre.
Brunetto Latini,1294,fior.,"Nella quale battaglia, certo io ebbi sempre ardire di ragionare di pace e sempre mi dolfi che non solamente la pace era schifata,","In cui battaglia, certamente io ebbi sempre il coraggio di parlare di pace e sempre mi addolorai che non solo la pace era rifiutata."
Bart. da San Concordio,1313,tosc.,"la seconda suole talora per la grande provedenzia fare timoroso, e la prima per l'ardire rendere altrui matto.","La seconda è solita a volte, a causa della grande provvidenza, incutere timore, e la prima, a causa della sua audacia, rendere gli altri folli."
Valerio Massimo (red. V1,1336,fior.,Andò nel campo de' Cartaginesi e tutta la legione trasse seco.,Si recò nell'accampamento dei Cartaginesi e condusse con sé l'intera legione.
Zanobi da Strada,1361,tosc.,"Non lo volle cognoscere per nimico. Qesta è quella, la quale diede ardire al profeta Natan a riprendere con grande autoritade quello re, il quale avea peccato.",Non lo riconobbe come nemico. Questa è colei che diede al profeta Natan il coraggio di rimproverare con grande autorità quel re che aveva peccato.
Frontino volg.,1381,bologn.,"l'armi et insieme con loro passaseno tra li nimici, perçò se alcuno non avesse ardire de questo et sì avevano questo animo.","Le armi e insieme a loro si fecero strada tra i nemici, poiché se qualcuno non avesse avuto il coraggio di farlo, avrebbero avuto comunque questo animo."
Giovanni da San Miniato,1415,tosc.,Unde ragionevolemente Iob è interpretato dolente;,"Pertanto, Giobbe è ragionevolmente interpretato come sofferente;"
Filippo da Santa Croce,1323,tosc.,"quello che sopra tutti gli altri perdonasse a' cittadini, e a cui più sicuramente possiate credere; poi ch'egli fu vostro comandatore.","Quello che sopra tutti gli altri perdoni ai cittadini e in cui potete avere la massima fiducia, poiché è stato il vostro comandante."
Zanobi da Strada,1361,tosc.,"in vano si domanda chi questo Libro scrivesse, con ciò sia cosa che fedelmente si debba credere che l'Auttore di quello fusse lo Spirito santo.","È inutile chiedersi chi abbia scritto questo Libro, poiché si deve credere con fermezza che il suo autore sia lo Spirito Santo."
Agostino da Scarperia (?),1390,tosc.,"se non fosse usatissima, ciò parrebbe certo molto più incredibile: certo più agevolmente si può credere quello, posto che l'umano spirito al divino, ed il mutabile allo incommutabile","Se non fosse molto comune, sembrerebbe certamente ancora più incredibile: di certo è più facile credere a questo, considerando che lo spirito umano si avvicina al divino e il mutevole all'immutevole."
Brunetto Latini,1260-61,fior.,che prendessero la paga dal camarlingo per loro dispensa et immantenente andassero alla presenzia di messer lo papa per contradiare il passamento de' cavalieri che veniano di Cecilia in Toscana,che ricevessero il pagamento dal tesoriere per il loro sostentamento e immediatamente si recassero alla presenza di Sua Santità per opporsi al passaggio dei cavalieri che provenivano da Cecilia in Toscana
Bonsignori,1375-77,umbr.-tosc.,"Teseo reguardò Achelao fortemente meravigliandose e disse così: ""O messer Achelao, io vi prego che voi me diciate in che modo voi perdeste","Teseo guardò Achelao con grande meraviglia e disse: ""Oh, messer Achelao, vi prego di dirmi in che modo avete perduto""."
Giovanni da San Miniato,1415,tosc.,"Io spero in messer Iesù di mandare tosto a voi Timoteo, acciocché io sia d'animo buono","Spero di poter inviare presto Timoteo da voi, così che io possa stare tranquillo."
Brunetto Latini,1260-61,fior.,sanza fallo lo porco salvatico avanza l' uomo d' udire e 'l lupo cerviere del vedere,"Senza fallo, il cinghiale selvatico supera l'uomo nell'udire e il lupo cerviero nel vedere."
Bono Giamboni,1292,fior.,uno luogo si mandano lancioni;  la quale cosa i cavalieri l' appellano capo di porco,"In un certo luogo si inviano lance; cosa che i cavalieri chiamano ""testa di porco"""
Arte Am. Ovid. (B),1310/13,fior.,tenda le reti a li cerbi e sa bene in quali valle dimori il furioso porco cinghiare.,Tendi le reti ai cervi e sappi bene in quale valle dimora il furioso cinghiale.
Rim. Am. Ovid. (B),1310/13,fior.,"Ora spaventerai li disidirosi cervi con varie e diverse paure, o lo porco cenghiare caggia in terra passato collo spiedo.","Ora spaventerai i desiderosi cervi con varie e diverse paure, o il porco cinghiale cadrà a terra dopo essere stato infilzato con lo spiedo."
Brunetto Latini,1260-61,fior.,"tratta la natura delle cose incorporali le quali non conversano intra lle corpora, sì come Dio e le divine cose.","Tratta la natura delle cose incorporee, che non interagiscono con i corpi, come Dio e le cose divine."
Bono Giamboni,1292,fior.,"Dio, per la quale si dispensano et iudicano tutte le cose.","Dio, attraverso il quale tutte le cose sono giudicate e governate."
Bonsignori,1375-77,umbr.-tosc.,"Unde gli poeti, parlando de lloro, dicono le virtute loro e dicono fabolosamente gli loro difetti, quando alcuna passava l'ordine a lloro deputato","Pertanto i poeti, parlando di loro, descrivono le loro virtù e raccontano in forma di favole i loro difetti, quando qualcuna superava l'ordine a loro assegnato."
Giovanni dalle Celle (?),1396,tosc.,"e quella cosa, la quale è diricta et onesta, e con virtute, quella sola penso essere lo bene.","E quella cosa, che è dritta e onesta e virtuosa, solo quella ritengo essere il bene."
Fatti de' Romani (H+R),1313,fior.,"Quando li serpenti invellenava di giorno alcuno Romano, allora iera la maraviglia a vedere come li Psille si combattevano al veleno, ché elli imolavano tutto inazzi della loro salive","Quando i serpenti invecchiavano di giorno in giorno un Romano, allora era una meraviglia vedere come i Psilli combattevano il veleno, poiché essi neutralizzavano tutto con la loro saliva."
Chiose a Rim. Am. (B),1310-,fior.,"Dice il poeta: oh, che bella cosa è vedere apertamente con gli occhi quando tu glel fai diretro o in culo o in altro","Dice il poeta: oh, che bella cosa è vedere apertamente con gli occhi quando tu glielo fai dietro o nel sedere o in altro modo."
Cavalca,1330,tosc.,"ma pur questo fu colpa tua, però che volesti cercare di vedere con gli occhi corporali la cosa invisibile.","Ma pure questo fu colpa tua, poiché hai voluto cercare di vedere con gli occhi del corpo la cosa invisibile."
Brunetto Latini,1260-61,fior.,"Vero è, ma non tine rispondo in questo tempo, perciò che ttu se' mio servo, o perciò ch' è tempo feriato, o perciò ch' io non debbo risponderti","È vero, ma non ti rispondo in questo momento, perché tu sei mio servo, o perché è tempo di festa, o perché non sono obbligato a risponderti."
Fatti de' Romani (H+R),1313,fior.,sì convene che lli desse grande avere perché · lasciasse andare via.,È conveniente che gli desse un grande avere affinché lo lasciasse andare via.
Filippo da Santa Croce,1323,tosc.,"notabile esemplo a ciascuno che si guardasse di fare e di pensar tradigione, il servo, il quale gli avea accusati, fu francato, e fugli donata grande quantità di moneta","Esempio notevole per chiunque si guardi dal commettere tradimento, il servo che li aveva accusati fu graziato e gli fu donata una grande quantità di denaro."
Valerio Massimo (red. Va),1336,tosc.,che sarebbe a llui cosa sconcia se ll'avesse commesso sì che lla colpa del servo e 'l gastigamento di Platone avesse meritato egualmente.,"sarebbe stato per lui una cosa vergognosa se l'avesse commessa, così che la colpa del servo e la punizione di Platone fossero state meritate allo stesso modo."
Valerio Massimo (red. V1,1336,fior.,"mostroe massimamente le forze sue, dando lui re a questa cittade ne la quale nacque servo; al quale avvenne lunghissimamente lo imperio tenere","Mostrò massimamente le sue forze, donando lui stesso la regalità a questa città nella quale era nato servo; alla quale gli capitò di mantenere a lungo l'impero."
Brunetto Latini,1260-61,fior.,l' anima muta la sua forza per la propietade di quello corpo a cui ella si congiunge.,L'anima cambia la sua forza a seconda delle proprietà del corpo a cui si unisce.
Cavalca,1308,tosc.,"sono due già non in una carne, ma in uno spirito, cioè Iddio, e l' anima. Onde in altro luogo dice S. Paolo: Chi s' accosta a Dio è uno spirito","Sono due, ma non più in una sola carne, bensì in un'unica essenza spirituale, ovvero Dio e l'anima. Perciò, in un altro passo, San Paolo afferma: ""Chi si avvicina a Dio diventa un solo spirito""."
Fatti de' Romani (H+R),1313,fior.,"per tanto che Lucano il disse, il vi racontiamo. Ivi, quando l'anima di Pompeo ebe sentito la chiarità di lasusso, ella sì cognobe prima in  grande","Poiché Lucano lo disse, ve lo raccontiamo. Lì, quando l'anima di Pompeo ebbe percepito la luce dell'alto, essa si riconobbe per la prima volta in grande misura."
Bono Giamboni,1292,fior.,"Sicchè dolore è a udire, quando l' usare l' arme e la fatica ricusano, con grandissimo disonore come pecore essere","È quindi un dolore sentire, quando rifiutare l'uso delle armi e la fatica, significa essere trattati con grandissimo disonore come pecore."
Bono Giamboni,1292,fior.,et nonn ebbe in fastido Cristo cotali parole d'udire.,e non ne ebbe fastidio Cristo ad ascoltare tali parole.
Prima catilinaria volg. (red. A),1294,fior.,"la moltitudine de' quali tu ài potuto vedere e riguardare lo studio e poco dinanzi udire le voci, e lle cui mani e lance apena posso ritenere.","La moltitudine delle quali tu hai potuto vedere e osservare lo studio e poco fa sentire le voci, e le cui mani e lance a stento posso trattenere."
T. Alderotti (?),1295,fior.,"udire di belle novelle et odorare di belli fiori, come et quando et quanto si conviene","Ascoltare belle notizie e respirare il profumo di bei fiori, come e quando e quanto è appropriato."
Filippo da Santa Croce,1323,tosc.,"Il re entrò in uno giardino dietro al suo albergo, quasi come s'egli andasse pensando alla risposta.","Il re entrò in un giardino dietro al suo albergo, come se stesse riflettendo sulla risposta."
Ceffi,1325,fior.,"Ma io disioso colà dove io non posso col corpo andare, con la mente vi volo","Ma io desidero andare laggiù dove non posso recarmi con il corpo, e lì volo con la mente."
Guido da Pisa,1337,tosc.,Ed ecco di subito tutta questa turba degli uccelli si levò a volo dietro all'aquila,E improvvisamente tutta questa moltitudine di uccelli prese il volo dietro all'aquila.
Grazia di Meo,1343,tosc.,Vede anche le ragioni del volo degli uccielli e di tutte le cose sa rendere vero giudicio.,Vede anche le ragioni del volo degli uccelli e di tutte le cose sa dare un giudizio veritiero.
Zanobi da Strada,1361,tosc.,Or ecco quanto per la sua superbia questo uccello volava in alto.,Ecco quanto la sua superbia lo portava a volare in alto.
Bonsignori,1375-77,umbr.-tosc.,"Gorgone, e ho questa proprietà che io volo per l'aire sì come uno ucello"".",Sono una Gorgone e ho la proprietà di volare nell'aria come un uccello.
Bono Giamboni,1292,fior.,"quando nella matricola si scrivono giurano per Dio, e per Cristo, e per lo Spirito Santo","quando si iscrivono all'università, giurano su Dio, su Cristo e sullo Spirito Santo"
Bono Giamboni,1292,fior.,"per necessitade i' ridico ke, secondo il comandamento tuo, padre santo Agostino, le battaglie già state nel mondo [..]","Per necessità io ripeto che, secondo il tuo comandamento, santo padre Agostino, le battaglie già avvenute nel mondo"
Brunetto Latini,1294,fior.,"molto di maggiore memoria saranno faccendole al re, perciò che nella nostra cittade sempre fue santo e glorioso il nome reale, e sse furono compagni fue il loro nome santissimo;","Molte azioni di grande importanza saranno riferite al re, poiché nella nostra città il nome reale è sempre stato considerato santo e glorioso, e se essi furono compagni, il loro nome fu ritenuto santissimo."
Cavalca,1308,tosc.,"Non voglio, che insuperbischi per lo santo proposito, e voto della verginità vedendo le sue laudi","Non voglio che si insuperbisca a causa del suo santo proposito e del voto di verginità, vedendo le lodi che le vengono rivolte."
Fatti de' Romani (H+R),1313,fior.,"Santo Agostino fece u· libro ch'avea nome ""Agostino Della Città di Dio"".","Sant'Agostino scrisse un libro intitolato ""La Città di Dio""."
Cavalca,1330,tosc.,Gregorio. Non udii mai che egli avesse maestro; ma il dono dello Spirito Santo non si può stringere a legge.,Gregorio. Non ho mai sentito dire che avesse un maestro; ma il dono dello Spirito Santo non può essere vincolato da regole.
Brunetto Latini,1260-61,fior.,Verbigrazia: Mercatanti fiorentini passavano in nave per andare oltramare.,Ad esempio: Mercanti fiorentini attraversavano il mare in nave per recarsi oltremare.
Bono Giamboni,1292,fior.,"Quando averai nel cavaliere i detti segni veduti non andare a grandezza caendo, perchè nelle battaglie sono più utili i forti che i grandi.","Quando avrai notato nel cavaliere i segni suddetti, non cercare di esagerare la sua statura, perché nelle battaglie sono più utili i cavalli robusti che quelli di grandi dimensioni."
Bono Giamboni,1292,fior.,"e, cosa che anche è più grave, cioè essere preso, o vero fuggire, e suo Comune lasciare vincere.","e, cosa che è ancora più grave, ovvero essere catturato o fuggire, e lasciare che il proprio Comune sia sconfitto."
Filippo da Santa Croce,1323,tosc.,"Sappiate veramente, che se noi non ci fossimo sì affrettati del fuggire, noi saremmo tutti morti.","Sappiate veramente che se non ci fossimo affrettati a fuggire, saremmo tutti morti."
Deca quarta,1346,fior.,"Tarco cretense che in aiuto era alli nimici avrebbe potuto fuggire, ma la vergogna d'abbandonare li nobilissimi cavalieri della gente achea poco avanti da lui","Tarco cretese, che era in aiuto ai nemici, avrebbe potuto fuggire, ma la vergogna di abbandonare i nobilissimi cavalieri della gente achea, che poco prima erano stati al suo fianco."
Brunetto Latini,1260-61,fior.,"e l' acconciamento a fare grandissime cose, cioè a ttenere pace et amare Idio e 'l proximo, a ffare cittadi, castella e magioni","e l'attitudine a realizzare grandi imprese, ovvero a mantenere la pace e amare Dio e il prossimo, a costruire città, castelli e dimore"
Giovanni da San Miniato,1415,tosc.,colui che ancora non sa amare il prossimo come sé medesimo già cominci a temere i giudicii di Dio. ,"Chi non ha ancora imparato ad amare il prossimo come se stesso, ha già iniziato a temere i giudizi di Dio."
Arte Am. Ovid. (B),1310/13,fior.,"L'ucello, poi che hae impaniate le ali, non fugge salvamente, né llo porco salvatico esce bene delle reti ove cade.","L'uccello, una volta che ha impigliato le ali, non può fuggire in salvo, e neanche il cinghiale selvatico esce bene dalle reti in cui cade."
Cavalca,1308,tosc.,"Io gli apersi, e quelli fuggitte. E che bisogno è, che lo cuore tuo stia chiuso al tuo sposo Cristo?","Io gli aprii la porta, e quelli fuggirono. E quale necessità c'è, che il tuo cuore rimanga chiuso al tuo sposo, Cristo?"
Prima catilinaria volg. (red. A),1294,fior.,"E dunque, da che queste cose son così, Catellina, e tu non puoi buonamente qui dimorare, dubiti tu d'andartene in alcuna terra ed usare questa vita fuggendo per li diserti","E quindi, poiché le cose stanno così, Catellina, e tu non puoi rimanere qui tranquillamente, esiti forse ad andartene in qualche altro luogo e a condurre una vita di fuga attraverso i deserti?"
Chiose a Valerio Massimo (D - L. I-V),1346,tosc.,"Questi due, volendo contra la voglia del senato dimorare ne l'ufficio del tribunato, furono morti da la plebe, incitandola i padri coscritti.","Questi due, volendo rimanere nell'incarico di tribuno contro la volontà del senato, furono uccisi dalla plebe, istigata dai padri coscritti."
Bono Giamboni,1292,fior.,"i giovani, a cui il difendimento delle provincie, e la ventura di tutta la battaglia si commette","I giovani, ai quali è affidata la difesa delle province e l'esito di tutta la battaglia."
Bono Giamboni,1292,fior.,"da' monti de' Romani si feciero nuovi nemici; contra i quali è conbactuto cum diversa ventura: perké nela primaia battaglia, essendo consolo Valerio, MMMD ne moriro de' Romani;","Dai monti dei Romani si fecero nuovi nemici; contro i quali fu combattuto con diversa fortuna: perché nella prima battaglia, essendo console Valerio, tremila dei Romani morirono."
Fatti de' Romani (H+R),1313,fior.,"noi iscaciati e dipartiti per debito dela cittade, e tutti iscaciati da fama e da ventura buona.","Noi sfortunati e allontanati per colpa della città, e tutti sfortunati nella reputazione e nella buona sorte."
Simintendi,1333,tosc.,pregaste gli dei per me; e' vostri preghieri valsono: e se voi domandate chi ebbe ventura di questa battaglia; io non fui vinto da colui.,Pregate gli dei per me; le vostre preghiere sono state ascoltate: e se voi chiedete chi ha avuto la fortuna di vincere in questa battaglia; io non sono stato sconfitto da lui.
Valerio Massimo (red. V1,1336,fior.,"una villa chiamata Vitermina, con ciò fosse cosa che piusori principi di scherani corressero per ventura a quel tempo a vederlo, Scipione, stimando che venissero per isforzarlo, allogò ne la casa","Una villa chiamata Vitermina, poiché molti principi di scherani correvano per caso a vederlo in quel periodo, Scipione, ritenendo che venissero per assalirlo, si accampò nella casa."
Brunetto Latini,1260-61,fior.,contra lui e contra le sue sorelle  e contra il reame e contra l' alto pregio della sua ingenerazione e della sua familia,contro di lui e contro le sue sorelle e contro il regno e contro l'alto onore della sua nascita e della sua famiglia
Fatti de' Romani (H+R),1313,fior.,"Allora che il navilio si fue impinto e messo in alto mare per andare diritto per mezo questo trapasso periglioso, l'aira divenne nuvolosa e pioveginosa","Quando la nave si fu imbarcata e messa in alto mare per attraversare direttamente questo pericoloso passaggio, il tempo divenne nuvoloso e piovoso."
Filippo da Santa Croce,1323,tosc.,"ne salìo in su l'argine del fosso, e in su lo steccato, se da alto si potessero difendere, o per alcuna maniera passare oltre e scampare.","salì sull'argine del fossato e sullo steccato, per difendersi dall'alto o trovare un modo per superare e mettersi in salvo."
Alberto della Piagentina,1330/32,fior.,"Ma l' occhio della intelligenza è più alto. Perciò che, passata la grandezza della universitade, quella medesima semplice forma vede nella sottil vista","Ma l'occhio dell'intelligenza è più elevato. Pertanto, superata la grandezza dell'università, quella stessa forma semplice è visibile nella vista più sottile."
Brunetto Latini,1260-61,fior.,"Et se l' occhio è nobile membro del corpo dell' uomo, dunque la salutazione è nobile parte della pistola, c' altressì allumina tutta la lettera come l' occhio allumina l' uomo.","E se l'occhio è un membro nobile del corpo dell'uomo, allora la salutazione è una parte nobile della lettera, che illumina l'intero scritto come l'occhio illumina l'uomo."
Bono Giamboni,1292,fior.,"Tarentini, i quali erano nati di quegli di Lacedemonia et facta da lloro nobile cittade de' Greci.","I Tarentini, i quali erano nati da quelli di Lacedemonia e avevano reso nobile la città dei Greci per opera loro."
Fatti de' Romani (H+R),1313,fior.,"Ulecois, ebe un uomo rico e nobile: Orgentore fue chiamato per nome.","Ulecois ebbe un uomo ricco e nobile, che per nome si chiamava Orgentore."
Valerio Massimo (red. Va),1336,tosc.,"però che, sse nobile cosa e alta è abatte il nimico, ampoi nonn è meno laudabile sapere avere misiricordia","Poiché, se una cosa nobile e alta sconfigge il nemico, non è meno lodevole saper avere misericordia."
Bono Giamboni,1292,fior.,"Alexandri, ciò è il genero e 'l figliuolo, da Phausonia, gentile iovane di Macedonia, stando in uno luogo strecto sanza guardia, fue morto.","Alessandro, cioè il genero e il figliuolo, originario della Fausonia, giovane nobile della Macedonia, mentre si trovava in un luogo stretto e senza guardia, fu ucciso."
Grazia di Meo,1343,tosc.,"Alchuno è riccho e gentile, ma lamentasi che vorebbe avere altra moglie che quella ch'egli à.","Qualcuno è ricco e nobile, ma si lamenta perché vorrebbe avere un'altra moglie al posto di quella che già ha."
Zanobi da Strada,1361,tosc.,"Pietro, essendogli mostrato in figura il populo Gentile, sì gli fu detto: ammazza, e mangia","A Pietro, dopo che gli fu mostrata in visione la moltitudine dei Gentili, fu detto: uccidi e mangia."
Declamazioni di Seneca,1392,tosc.,"pregollo che lo liberasse di quella obbligazione, in che egli l' aveva lasciato ubbligato. El gentile uomo assentì, e liberollo, e fecene carta.","Chiese che lo liberasse da quell'obbligo, per il quale egli lo aveva lasciato vincolato. Il gentile uomo acconsentì, lo liberò e ne fece un atto scritto."
Giovanni da San Miniato,1415,tosc.,"L'oro verrà dall'Aquilone. Che figuriamo noi per l'Aquilone, se non il populo Gentile congelato dal freddo del peccato, il qual populo tenne sotto il giogo della sua tirannia","L'oro verrà dal Nord. Che rappresentiamo noi per il Nord, se non il popolo gentile congelato dal freddo del peccato, il quale popolo fu tenuto sotto il giogo della sua tirannia?"
Prima catilinaria volg. (red. A),1294,fior.,"sia in mezzo tra me e te: con noi non puo' tu già più lungamente dimorare, ch'io non lo sofferrò e non lo lascerò.","Sii un confine tra me e te: non puoi più rimanere con noi, perché non lo tollererò e non lo permetterò."
